{
  "Arabian smooth-hound": {
    "thresholds": {
      "good": 4.608527183532715,
      "bad": 6.946357250213623,
      "n_reals": 7,
      "source": "per-species"
    },
    "synthetic": {
      "total_samples": 50,
      "good_samples": 47,
      "medium_samples": 0,
      "bad_samples": 3,
      "unknown_samples": 0,
      "distance_mean": 2.777698278427124,
      "distance_std": 2.7847065925598145,
      "distance_min": 1.030251145362854,
      "distance_max": 15.17019271850586,
      "distance_median": 1.912628412246704
    },
    "real": {
      "total_samples": 6,
      "distance_mean": 3.7095470428466797,
      "distance_std": 2.101844310760498,
      "distance_min": 1.6112736463546753,
      "distance_max": 7.631638526916504,
      "distance_median": 3.2562918663024902
    }
  },
  "Blacknose shark": {
    "thresholds": {
      "good": 4.803168296813965,
      "bad": 5.382793426513672,
      "n_reals": 8,
      "source": "per-species"
    },
    "synthetic": {
      "total_samples": 50,
      "good_samples": 42,
      "medium_samples": 3,
      "bad_samples": 5,
      "unknown_samples": 0,
      "distance_mean": 3.4918830394744873,
      "distance_std": 1.3162001371383667,
      "distance_min": 1.2667797803878784,
      "distance_max": 6.566980838775635,
      "distance_median": 3.421557903289795
    },
    "real": {
      "total_samples": 7,
      "distance_mean": 3.2589313983917236,
      "distance_std": 1.5895326137542725,
      "distance_min": 1.49521005153656,
      "distance_max": 5.451042175292969,
      "distance_median": 2.3823609352111816
    }
  },
  "Blackspotted smooth-hound": {
    "thresholds": {
      "good": 6.087947368621826,
      "bad": 6.799468994140625,
      "n_reals": 7,
      "source": "per-species"
    },
    "synthetic": {
      "total_samples": 50,
      "good_samples": 45,
      "medium_samples": 1,
      "bad_samples": 4,
      "unknown_samples": 0,
      "distance_mean": 2.8763539791107178,
      "distance_std": 2.787109613418579,
      "distance_min": 0.8655642867088318,
      "distance_max": 13.971965789794922,
      "distance_median": 1.9219413995742798
    },
    "real": {
      "total_samples": 6,
      "distance_mean": 4.501643657684326,
      "distance_std": 1.664555549621582,
      "distance_min": 2.9276340007781982,
      "distance_max": 6.799468994140625,
      "distance_median": 3.777827739715576
    }
  },
  "Bonnethead shark": {
    "thresholds": {
      "good": 7.213634490966797,
      "bad": 12.133285522460938,
      "n_reals": 8,
      "source": "per-species"
    },
    "synthetic": {
      "total_samples": 50,
      "good_samples": 39,
      "medium_samples": 9,
      "bad_samples": 2,
      "unknown_samples": 0,
      "distance_mean": 5.78373908996582,
      "distance_std": 2.922013759613037,
      "distance_min": 2.2481942176818848,
      "distance_max": 17.500802993774414,
      "distance_median": 5.0468549728393555
    },
    "real": {
      "total_samples": 7,
      "distance_mean": 7.262922763824463,
      "distance_std": 2.946341037750244,
      "distance_min": 5.3063225746154785,
      "distance_max": 14.24170970916748,
      "distance_median": 5.779416561126709
    }
  },
  "Common thresher shark": {
    "thresholds": {
      "good": 4.864675045013428,
      "bad": 5.982182502746582,
      "n_reals": 10,
      "source": "per-species"
    },
    "synthetic": {
      "total_samples": 50,
      "good_samples": 27,
      "medium_samples": 6,
      "bad_samples": 17,
      "unknown_samples": 0,
      "distance_mean": 5.019430637359619,
      "distance_std": 2.407050609588623,
      "distance_min": 2.0044174194335938,
      "distance_max": 13.128767013549805,
      "distance_median": 4.205759048461914
    },
    "real": {
      "total_samples": 9,
      "distance_mean": 4.529048919677734,
      "distance_std": 0.948403000831604,
      "distance_min": 3.5087995529174805,
      "distance_max": 5.982182502746582,
      "distance_median": 4.800312042236328
    }
  },
  "Great white shark": {
    "thresholds": {
      "good": 3.747976541519165,
      "bad": 5.482617378234863,
      "n_reals": 9,
      "source": "per-species"
    },
    "synthetic": {
      "total_samples": 50,
      "good_samples": 39,
      "medium_samples": 7,
      "bad_samples": 4,
      "unknown_samples": 0,
      "distance_mean": 2.9351208209991455,
      "distance_std": 1.9004665613174438,
      "distance_min": 0.6153332591056824,
      "distance_max": 9.54973316192627,
      "distance_median": 2.4204328060150146
    },
    "real": {
      "total_samples": 8,
      "distance_mean": 3.34255313873291,
      "distance_std": 1.2535200119018555,
      "distance_min": 2.1847832202911377,
      "distance_max": 6.217047691345215,
      "distance_median": 2.9143428802490234
    }
  },
  "Gummy shark": {
    "thresholds": {
      "good": 2.2289795875549316,
      "bad": 2.8181071281433105,
      "n_reals": 7,
      "source": "per-species"
    },
    "synthetic": {
      "total_samples": 50,
      "good_samples": 48,
      "medium_samples": 1,
      "bad_samples": 1,
      "unknown_samples": 0,
      "distance_mean": 1.546661376953125,
      "distance_std": 0.45287808775901794,
      "distance_min": 0.5534288287162781,
      "distance_max": 3.1791224479675293,
      "distance_median": 1.551255226135254
    },
    "real": {
      "total_samples": 6,
      "distance_mean": 1.993098258972168,
      "distance_std": 0.5118871927261353,
      "distance_min": 1.6134843826293945,
      "distance_max": 2.9624152183532715,
      "distance_median": 1.6920115947723389
    }
  },
  "Halavi guitarfish": {
    "thresholds": {
      "good": 3.535661220550537,
      "bad": 4.705622673034668,
      "n_reals": 9,
      "source": "per-species"
    },
    "synthetic": {
      "total_samples": 50,
      "good_samples": 42,
      "medium_samples": 4,
      "bad_samples": 4,
      "unknown_samples": 0,
      "distance_mean": 2.560835361480713,
      "distance_std": 1.1202365159988403,
      "distance_min": 1.0605443716049194,
      "distance_max": 6.017611026763916,
      "distance_median": 2.3448235988616943
    },
    "real": {
      "total_samples": 8,
      "distance_mean": 2.9745473861694336,
      "distance_std": 1.1583400964736938,
      "distance_min": 1.3933130502700806,
      "distance_max": 4.963663578033447,
      "distance_median": 2.881077766418457
    }
  },
  "Hooktooth shark": {
    "thresholds": {
      "good": 2.4321534633636475,
      "bad": 3.1664161682128906,
      "n_reals": 8,
      "source": "per-species"
    },
    "synthetic": {
      "total_samples": 50,
      "good_samples": 39,
      "medium_samples": 2,
      "bad_samples": 9,
      "unknown_samples": 0,
      "distance_mean": 2.482938289642334,
      "distance_std": 2.9088337421417236,
      "distance_min": 0.5713174939155579,
      "distance_max": 13.471208572387695,
      "distance_median": 1.2789149284362793
    },
    "real": {
      "total_samples": 7,
      "distance_mean": 1.8919727802276611,
      "distance_std": 0.8197490572929382,
      "distance_min": 1.1578502655029297,
      "distance_max": 3.18291974067688,
      "distance_median": 1.4418361186981201
    }
  },
  "Longtail stingray": {
    "thresholds": {
      "good": 2.004970073699951,
      "bad": 3.430049419403076,
      "n_reals": 13,
      "source": "per-species"
    },
    "synthetic": {
      "total_samples": 50,
      "good_samples": 40,
      "medium_samples": 9,
      "bad_samples": 1,
      "unknown_samples": 0,
      "distance_mean": 1.6854488849639893,
      "distance_std": 0.8936343193054199,
      "distance_min": 0.811862587928772,
      "distance_max": 6.558166980743408,
      "distance_median": 1.4729371070861816
    },
    "real": {
      "total_samples": 12,
      "distance_mean": 1.798071026802063,
      "distance_std": 1.0895730257034302,
      "distance_min": 0.8497256636619568,
      "distance_max": 5.023952484130859,
      "distance_median": 1.7187929153442383
    }
  },