{
  "real_data": {
    "total_samples": 651,
    "distance_stats": {
      "mean": 3.033257007598877,
      "median": 2.2831528186798096,
      "std": 2.7453582286834717,
      "min": 0.15990927815437317,
      "max": 29.334306716918945,
      "p25": 1.4513523578643799,
      "p50": 2.2831528186798096,
      "p75": 3.704641580581665,
      "p95": 7.6291890144348145
    }
  },
  "synthetic_data": {
    "total_samples": 650,
    "good_count": 506,
    "medium_count": 87,
    "bad_count": 57,
    "unknown_count": 0,
    "distance_stats": {
      "mean": 3.4856479167938232,
      "median": 2.593522071838379,
      "std": 2.6399033069610596,
      "min": 0.003122680587694049,
      "max": 17.500802993774414,
      "p25": 1.606749415397644,
      "p50": 2.593522071838379,
      "p75": 4.662535667419434,
      "p95": 8.658398628234863
    }
  },
  "thresholds_per_species": {
    "Arabian smooth-hound": {
      "good": 4.608527183532715,
      "bad": 6.946357250213623,
      "n_reals": 7,
      "source": "per-species"
    },
    "Atlantic Sharpnose shark": {
      "good": 4.009924411773682,
      "bad": 4.14324951171875,
      "n_reals": 6,
      "source": "per-species"
    },
    "Blackchin guitarfish": {
      "good": 0.8516423106193542,
      "bad": 1.6961053609848022,
      "n_reals": 9,
      "source": "per-species"
    },
    "Blacknose shark": {
      "good": 4.803168296813965,
      "bad": 5.382793426513672,
      "n_reals": 8,
      "source": "per-species"
    },
    "Blackspotted smooth-hound": {
      "good": 6.087947368621826,
      "bad": 6.799468994140625,
      "n_reals": 7,
      "source": "per-species"
    },
    "Blacktip reef shark": {
      "good": 4.073336601257324,
      "bad": 4.645358085632324,
      "n_reals": 8,
      "source": "per-species"
    },
    "Blacktip shark": {
      "good": 3.670269727706909,
      "bad": 5.183591365814209,
      "n_reals": 31,
      "source": "per-species"
    },
    "Blue shark": {
      "good": 3.107248544692993,
      "bad": 4.135446071624756,
      "n_reals": 35,
      "source": "per-species"
    },
    "Bonnethead shark": {
      "good": 7.213634490966797,
      "bad": 12.133285522460938,
      "n_reals": 8,
      "source": "per-species"
    },
    "Bowmouth guitarfish": {
      "good": 3.889861583709717,
      "bad": 4.539994716644287,
      "n_reals": 8,
      "source": "per-species"
    },
    "Brownbanded bamboo shark": {
      "good": 4.002531051635742,
      "bad": 7.7568769454956055,
      "n_reals": 9,
      "source": "per-species"
    },
    "Bull shark": {
      "good": 2.133572578430176,
      "bad": 2.9450342655181885,
      "n_reals": 31,
      "source": "per-species"
    },
    "Caribbean reef shark": {
      "good": 0.6849051117897034,
      "bad": 3.5178210735321045,
      "n_reals": 11,
      "source": "per-species"
    },
    "Common thresher shark": {
      "good": 4.864675045013428,
      "bad": 5.982182502746582,
      "n_reals": 10,
      "source": "per-species"
    },
    "Copper shark": {
      "good": 2.1784634590148926,
      "bad": 3.5827693939208984,
      "n_reals": 17,
      "source": "per-species"
    },
    "Dusky shark": {
      "good": 1.9901435375213623,
      "bad": 5.854254245758057,
      "n_reals": 11,
      "source": "per-species"
    },
    "Finetooth shark": {
      "good": 2.584664821624756,
      "bad": 6.106481075286865,
      "n_reals": 8,
      "source": "per-species"
    },
    "Great hammerhead shark": {
      "good": 2.5169215202331543,
      "bad": 6.563633918762207,
      "n_reals": 42,
      "source": "per-species"
    },
    "Great white shark": {
      "good": 3.747976541519165,
      "bad": 5.482617378234863,
      "n_reals": 9,
      "source": "per-species"
    },
    "Grey reef shark": {
      "good": 5.43682336807251,
      "bad": 8.182165145874023,
      "n_reals": 19,
      "source": "per-species"
    },
    "Gulper shark": {
      "good": 2.4163403511047363,
      "bad": 4.655926704406738,
      "n_reals": 8,
      "source": "per-species"
    },
    "Gummy shark": {
      "good": 2.2289795875549316,
      "bad": 2.8181071281433105,
      "n_reals": 7,
      "source": "per-species"
    },
    "Halavi guitarfish": {
      "good": 3.535661220550537,
      "bad": 4.705622673034668,
      "n_reals": 9,
      "source": "per-species"
    },
    "Hooktooth shark": {
      "good": 2.4321534633636475,
      "bad": 3.1664161682128906,
      "n_reals": 8,
      "source": "per-species"
    },
    "Japanese topeshark": {
      "good": 5.431286811828613,
      "bad": 10.27665901184082,
      "n_reals": 8,
      "source": "per-species"
    },
    "Java shark": {
      "good": 5.918239593505859,
      "bad": 8.11241626739502,
      "n_reals": 11,
      "source": "per-species"
    },
    "Lemon shark": {
      "good": 2.2833638191223145,
      "bad": 3.7658019065856934,
      "n_reals": 12,
      "source": "per-species"
    },
    "Longtail stingray": {
      "good": 2.004970073699951,
      "bad": 3.430049419403076,
      "n_reals": 13,
      "source": "per-species"
    },
    "Milk shark": {
      "good": 3.6774230003356934,
      "bad": 8.77457046508789,
      "n_reals": 15,
      "source": "per-species"
    },
    "Narrownose smooth-hound": {
      "good": 2.7612156867980957,
      "bad": 11.967437744140625,
      "n_reals": 9,
      "source": "per-species"
    },
    "Night shark": {
      "good": 4.485142230987549,
      "bad": 5.866866111755371,
      "n_reals": 13,
      "source": "per-species"
    },
    "Nurse shark": {
      "good": 10.144231796264648,
      "bad": 12.510257720947266,
      "n_reals": 5,
      "source": "per-species"
    },
    "Oceanic whitetip shark": {
      "good": 0.8414126038551331,
      "bad": 14.907583236694336,
      "n_reals": 11,
      "source": "per-species"
    },
    "Pacific bonnethead shark": {
      "good": 2.298170566558838,
      "bad": 3.7939860820770264,
      "n_reals": 10,
      "source": "per-species"
    },
    "Pacific guitarfish": {
      "good": 2.4065487384796143,
      "bad": 21.45075035095215,
      "n_reals": 8,
      "source": "per-species"
    },
    "Pacific smalltail shark": {
      "good": 1.6734055280685425,
      "bad": 1.7749515771865845,
      "n_reals": 5,
      "source": "per-species"
    },
    "Pelagic thresher shark": {
      "good": 3.7714505195617676,
      "bad": 6.321081638336182,
      "n_reals": 8,
      "source": "per-species"
    },
    "Porbeagle shark": {
      "good": 7.625551223754883,
      "bad": 8.434697151184082,
      "n_reals": 14,
      "source": "per-species"
    },
    "Roughskin dogfish": {
      "good": 2.632380247116089,
      "bad": 3.8453240394592285,
      "n_reals": 6,
      "source": "per-species"
    },
    "Sandbar shark": {
      "good": 4.743655204772949,
      "bad": 18.9399471282959,
      "n_reals": 8,
      "source": "per-species"
    },
    "Sandtiger shark": {
      "good": 2.7516837120056152,
      "bad": 7.744380474090576,
      "n_reals": 31,
      "source": "per-species"
    },
    "Scalloped bonnethead shark": {
      "good": 4.131924152374268,
      "bad": 5.988356590270996,
      "n_reals": 16,
      "source": "per-species"
    },
    "Scalloped hammerhead shark": {
      "good": 3.5393495559692383,
      "bad": 4.242140769958496,
      "n_reals": 13,
      "source": "per-species"
    },
    "Shortfin mako": {
      "good": 3.186338424682617,
      "bad": 3.77980637550354,
      "n_reals": 8,
      "source": "per-species"
    },
    "Silky shark": {
      "good": 1.7624870538711548,
      "bad": 8.446285247802734,
      "n_reals": 30,
      "source": "per-species"
    },
    "Silvertip shark": {
      "good": 6.469693183898926,
      "bad": 7.8873291015625,
      "n_reals": 15,
      "source": "per-species"
    },
    "Small tail shark": {
      "good": 2.1936047077178955,
      "bad": 4.772027492523193,
      "n_reals": 6,
      "source": "per-species"
    },
    "Smooth hammerhead shark": {
      "good": 3.8363938331604004,