{
  "Arabian smooth-hound": {
    "threshold": {
      "value": 0.24217532330442082,
      "n_reals": 7,
      "method": "mean_2std",
      "mean": 0.11292689485321909,
      "std": 0.06462421422560087,
      "median": 0.1016830098234689,
      "max": 0.2512262373251784
    },
    "synthetic": {
      "total_samples": 50,
      "good_samples": 50,
      "bad_samples": 0,
      "unknown_samples": 0,
      "distance_mean": 0.06631816518493767,
      "distance_std": 0.03709901694306117,
      "distance_min": 0.015034796346608691,
      "distance_max": 0.16107071741459078,
      "distance_median": 0.05594015922241772
    },
    "real": {
      "total_samples": 6,
      "distance_mean": 0.11292689485321909,
      "distance_std": 0.06462421422560087,
      "distance_min": 0.06014883024997463,
      "distance_max": 0.2512262373251784,
      "distance_median": 0.1016830098234689
    }
  },
  "Blacknose shark": {
    "threshold": {
      "value": 0.19154330391933638,
      "n_reals": 8,
      "method": "mean_2std",
      "mean": 0.09704131518650896,
      "std": 0.04725099436641371,
      "median": 0.0784488615947209,
      "max": 0.19554086116469788
    },
    "synthetic": {
      "total_samples": 50,
      "good_samples": 50,
      "bad_samples": 0,
      "unknown_samples": 0,
      "distance_mean": 0.058287644279555295,
      "distance_std": 0.024221859308247457,
      "distance_min": 0.01781866503508106,
      "distance_max": 0.11054708210998762,
      "distance_median": 0.05659445807002466
    },
    "real": {
      "total_samples": 7,
      "distance_mean": 0.09704131518650896,
      "distance_std": 0.04725099436641371,
      "distance_min": 0.056525952264004774,
      "distance_max": 0.19554086116469788,
      "distance_median": 0.0784488615947209
    }
  },
  "Blackspotted smooth-hound": {
    "threshold": {
      "value": 0.16629553106169262,
      "n_reals": 7,
      "method": "mean_2std",
      "mean": 0.10950329516833583,
      "std": 0.028396117946678394,
      "median": 0.09644461021732238,
      "max": 0.1479060544079996
    },
    "synthetic": {
      "total_samples": 50,
      "good_samples": 50,
      "bad_samples": 0,
      "unknown_samples": 0,
      "distance_mean": 0.057380574127359044,
      "distance_std": 0.02526257796313114,
      "distance_min": 0.015839730390771523,
      "distance_max": 0.11486523603132782,
      "distance_median": 0.056679341845992694
    },
    "real": {
      "total_samples": 6,
      "distance_mean": 0.10950329516833583,
      "distance_std": 0.028396117946678394,
      "distance_min": 0.0841592208796855,
      "distance_max": 0.1479060544079996,
      "distance_median": 0.09644461021732238
    }
  },
  "Bonnethead shark": {
    "threshold": {
      "value": 0.2567096349940887,
      "n_reals": 8,
      "method": "mean_2std",
      "mean": 0.1382430094202276,
      "std": 0.059233312786930545,
      "median": 0.12638244837057866,
      "max": 0.26527702375944967
    },
    "synthetic": {
      "total_samples": 50,
      "good_samples": 50,
      "bad_samples": 0,
      "unknown_samples": 0,
      "distance_mean": 0.09135219963987709,
      "distance_std": 0.026720591820787884,
      "distance_min": 0.04260359350056,
      "distance_max": 0.17400397333485007,
      "distance_median": 0.09442363044474258
    },
    "real": {
      "total_samples": 7,
      "distance_mean": 0.1382430094202276,
      "distance_std": 0.059233312786930545,
      "distance_min": 0.0836321750919437,
      "distance_max": 0.26527702375944967,
      "distance_median": 0.12638244837057866
    }
  },
  "Common thresher shark": {
    "threshold": {
      "value": 0.132176796015095,
      "n_reals": 10,
      "method": "mean_2std",
      "mean": 0.08330860235623141,
      "std": 0.024434096829431793,
      "median": 0.08718067026857006,
      "max": 0.11186527614551575
    },
    "synthetic": {
      "total_samples": 50,
      "good_samples": 48,
      "bad_samples": 2,
      "unknown_samples": 0,
      "distance_mean": 0.06917452816626728,
      "distance_std": 0.030329683593761925,
      "distance_min": 0.02054240070114462,
      "distance_max": 0.1412998577066954,
      "distance_median": 0.06396869866097049
    },
    "real": {
      "total_samples": 9,
      "distance_mean": 0.08330860235623141,
      "distance_std": 0.024434096829431793,
      "distance_min": 0.04732076908586491,
      "distance_max": 0.11186527614551575,
      "distance_median": 0.08718067026857006
    }
  },
  "Great white shark": {
    "threshold": {
      "value": 0.22371815114947582,
      "n_reals": 9,
      "method": "mean_2std",
      "mean": 0.09720943849187008,
      "std": 0.06325435632880287,
      "median": 0.06751947889337521,
      "max": 0.20545105105693554
    },
    "synthetic": {
      "total_samples": 50,
      "good_samples": 50,
      "bad_samples": 0,
      "unknown_samples": 0,
      "distance_mean": 0.056140111113577376,
      "distance_std": 0.026043754229092567,
      "distance_min": 0.007060510830743594,
      "distance_max": 0.1314650959018097,
      "distance_median": 0.055353838587228296
    },
    "real": {
      "total_samples": 8,
      "distance_mean": 0.09720943849187008,
      "distance_std": 0.06325435632880287,
      "distance_min": 0.03324157253023578,
      "distance_max": 0.20545105105693554,
      "distance_median": 0.06751947889337521
    }
  },
  "Gummy shark": {
    "threshold": {
      "value": 0.06254786718601142,
      "n_reals": 7,
      "method": "mean_2std",
      "mean": 0.03682361250478735,
      "std": 0.012862127340612034,
      "median": 0.03617068334092789,
      "max": 0.052867077323114305
    },
    "synthetic": {
      "total_samples": 50,
      "good_samples": 50,
      "bad_samples": 0,
      "unknown_samples": 0,
      "distance_mean": 0.022357402900302033,
      "distance_std": 0.007603359256831238,
      "distance_min": 0.00764393487304555,
      "distance_max": 0.04019405530802799,
      "distance_median": 0.021968867334905422
    },
    "real": {
      "total_samples": 6,
      "distance_mean": 0.03682361250478735,
      "distance_std": 0.012862127340612034,
      "distance_min": 0.021433076850319848,
      "distance_max": 0.052867077323114305,
      "distance_median": 0.03617068334092789
    }
  },
  "Halavi guitarfish": {
    "threshold": {
      "value": 0.35168897108267355,
      "n_reals": 9,
      "method": "mean_2std",
      "mean": 0.14174113235825103,
      "std": 0.10497391936221126,
      "median": 0.09190303331901269,
      "max": 0.37461726912085735
    },
    "synthetic": {
      "total_samples": 50,
      "good_samples": 50,
      "bad_samples": 0,
      "unknown_samples": 0,
      "distance_mean": 0.09244840459019807,
      "distance_std": 0.046634016832348316,
      "distance_min": 0.016442340017712675,
      "distance_max": 0.20822377029517578,
      "distance_median": 0.08346650158513269
    },
    "real": {
      "total_samples": 8,
      "distance_mean": 0.14174113235825103,
      "distance_std": 0.10497391936221126,
      "distance_min": 0.06515479066795243,
      "distance_max": 0.37461726912085735,
      "distance_median": 0.09190303331901269
    }
  },
  "Hooktooth shark": {
    "threshold": {
      "value": 0.1872158871001921,
      "n_reals": 8,
      "method": "mean_2std",
      "mean": 0.08309009738026178,
      "std": 0.05206289485996516,
      "median": 0.06425969804477706,
      "max": 0.20214658652345605
    },
    "synthetic": {
      "total_samples": 50,
      "good_samples": 50,
      "bad_samples": 0,
      "unknown_samples": 0,
      "distance_mean": 0.05407858011090902,
      "distance_std": 0.024715525054102877,
      "distance_min": 0.008760286028703693,
      "distance_max": 0.11308162338251185,
      "distance_median": 0.05121773488378398
    },
    "real": {
      "total_samples": 7,
      "distance_mean": 0.08309009738026178,
      "distance_std": 0.05206289485996516,
      "distance_min": 0.03920979774851945,
      "distance_max": 0.20214658652345605,