Fold,Accuracy,F1-Score
1,0.9236641221374046,0.8582283385688958
2,0.9384615384615385,0.8923772134298451
3,0.9307692307692308,0.9050756261282576
4,0.9538461538461539,0.9481833955518166
5,0.9538461538461539,0.9486766157818789
