{
  "model": "ExtraTreesClassifier",
  "fold_accuracies": {
    "fold_1": 0.8778625954198473,
    "fold_2": 0.8538461538461538,
    "fold_3": 0.9,
    "fold_4": 0.8769230769230769,
    "fold_5": 0.8846153846153846
  },
  "mean_accuracy": 0.8786494421608925,
  "std_deviation": 0.014901284275951995,
  "all_scores": [
    0.8778625954198473,
    0.8538461538461538,
    0.9,
    0.8769230769230769,
    0.8846153846153846
  ]
}