{
  "baseline_cv_fold_scores": [
    0.8549618320610687,
    0.8461538461538461,
    0.8769230769230769,
    0.8769230769230769,
    0.8846153846153846
  ],
  "baseline_val_accuracy_mean": 0.8679154433352906,
  "baseline_val_accuracy_std": 0.014714116496706961,
  "baseline_test_accuracy": 0.8396946564885496,
  "best_model": "optimized_extratrees",
  "best_val_accuracy": 0.8786494421608925,
  "best_params": {
    "et_n_estimators": 900,
    "et_max_depth": 40,
    "et_min_samples_split": 4,
    "et_min_samples_leaf": 2,
    "et_max_features": 0.5,
    "et_class_weight": "balanced_subsample"
  },
  "improvement_percentage": 1.0733998825601887,
  "rf_test_accuracy": null,
  "et_test_accuracy": 0.8702290076335878,
  "lgb_test_accuracy": null,
  "xgb_test_accuracy": null
}