{
  "selected_models": [
    "cnn",
    "resnet1d",
    "statistics",
    "extratrees",
    "rulebased"
  ],
  "coverage_required_models": [
    "cnn"
  ],
  "model_species_coverage": {
    "cnn": 57,
    "resnet1d": 57,
    "extratrees": 56,
    "statistics": 57,
    "rulebased": 57
  },
  "good_pairs_by_error_correlation": [
    [
      "cnn",
      "resnet1d",
      0.17564728106715305
    ],
    [
      "cnn",
      "extratrees",
      0.2839137699267046
    ],
    [
      "cnn",
      "statistics",
      0.3422101033940165
    ],
    [
      "cnn",
      "rulebased",
      0.3200698233375842
    ],
    [
      "resnet1d",
      "extratrees",
      0.3370042049962019
    ],
    [
      "resnet1d",
      "statistics",
      0.33302994717866696
    ],
    [
      "resnet1d",
      "rulebased",
      0.41667085412522953
    ],
    [
      "extratrees",
      "statistics",
      0.2335496832484569
    ],
    [
      "extratrees",
      "rulebased",
      0.3408835708107209
    ],
    [
      "statistics",
      "rulebased",
      0.25550298833180607
    ]
  ],
  "good_pairs_by_jaccard": [],
  "calibration": {
    "cnn": {
      "brier": 0.0010809847352556815,
      "ece": 0.01889815345154742
    },
    "resnet1d": {
      "brier": 0.0028356712961993074,
      "ece": 0.03344960526753499
    },
    "extratrees": {
      "brier": 0.004750019847681582,
      "ece": 0.20611722316426978
    },
    "statistics": {
      "brier": 0.0016734813812709043,
      "ece": 0.04854875381824243
    },
    "rulebased": {
      "brier": 0.0024860340412064977,
      "ece": 0.16524426069127798
    }
  },
  "entropy": {
    "cnn": {
      "mean_entropy": 0.09247996658086777,
      "std_entropy": 0.23929429054260254,
      "mean_confidence": 0.973900556564331,
      "std_confidence": 0.08199147880077362,
      "min_confidence": 0.2771676182746887,
      "max_confidence": 1.0
    },
    "resnet1d": {
      "mean_entropy": 0.49264878034591675,
      "std_entropy": 0.5455000996589661,
      "mean_confidence": 0.8688010573387146,
      "std_confidence": 0.17674772441387177,
      "min_confidence": 0.18258178234100342,
      "max_confidence": 0.9992243051528931
    },
    "extratrees": {
      "mean_entropy": 1.222113013267517,
      "std_entropy": 0.6394688487052917,
      "mean_confidence": 0.651025652885437,
      "std_confidence": 0.2227291464805603,
      "min_confidence": 0.17654156684875488,
      "max_confidence": 0.9984265565872192
    },
    "statistics": {
      "mean_entropy": 0.29000288248062134,
      "std_entropy": 0.39900439977645874,
      "mean_confidence": 0.8992239236831665,
      "std_confidence": 0.15368519723415375,
      "min_confidence": 0.33118411898612976,
      "max_confidence": 1.0
    },
    "rulebased": {
      "mean_entropy": 0.8845512270927429,
      "std_entropy": 0.7117263078689575,
      "mean_confidence": 0.7748479843139648,
      "std_confidence": 0.2151472419500351,
      "min_confidence": 0.14810127019882202,
      "max_confidence": 1.0
    }
  },
  "combination_metrics": {
    "cnn": {
      "accuracy": 0.9615975422427036,
      "precision_macro": 0.9508819153555995,
      "precision_weighted": 0.966732132861165,
      "recall_macro": 0.9592060759029906,
      "recall_weighted": 0.9615975422427036,
      "f1_macro": 0.9526923752942161,
      "f1_weighted": 0.9624423087165889
    },
    "extratrees": {
      "accuracy": 0.8571428571428571,
      "precision_macro": 0.8226037445850395,
      "precision_weighted": 0.8624829731377971,
      "recall_macro": 0.8199388945692458,
      "recall_weighted": 0.8571428571428571,
      "f1_macro": 0.8131421729053409,
      "f1_weighted": 0.8542701511504319
    },
    "resnet1d": {
      "accuracy": 0.901689708141321,
      "precision_macro": 0.9070125716593861,
      "precision_weighted": 0.9142196024078149,
      "recall_macro": 0.8701493551140534,
      "recall_weighted": 0.901689708141321,
      "f1_macro": 0.8824082750206265,
      "f1_weighted": 0.9036321078791427
    },
    "rulebased": {
      "accuracy": 0.9400921658986175,
      "precision_macro": 0.9360194337723101,
      "precision_weighted": 0.9461085033413358,
      "recall_macro": 0.9230374514232024,
      "recall_weighted": 0.9400921658986175,
      "f1_macro": 0.9249252741782308,
      "f1_weighted": 0.940007381047965
    },
    "statistics": {
      "accuracy": 0.946236559139785,
      "precision_macro": 0.937470519325358,
      "precision_weighted": 0.9510491112431055,
      "recall_macro": 0.9367242578542888,
      "recall_weighted": 0.946236559139785,
      "f1_macro": 0.9338618258964222,
      "f1_weighted": 0.9464718896559231
    },
    "cnn+extratrees": {
      "accuracy": 0.9631336405529954,
      "precision_macro": 0.9541685645675458,
      "precision_weighted": 0.9665231360043313,
      "recall_macro": 0.9598110365805466,
      "recall_weighted": 0.9631336405529954,
      "f1_macro": 0.9551273124570709,
      "f1_weighted": 0.963431127572063
    },
    "cnn+resnet1d": {
      "accuracy": 0.9723502304147466,
      "precision_macro": 0.9673702515807779,
      "precision_weighted": 0.975685907367935,
      "recall_macro": 0.9696481293123762,
      "recall_weighted": 0.9723502304147466,
      "f1_macro": 0.9668076371680668,
      "f1_weighted": 0.9728333092042631
    },
    "cnn+rulebased": {
      "accuracy": 0.9723502304147466,
      "precision_macro": 0.964033627191522,
      "precision_weighted": 0.9750679769112948,
      "recall_macro": 0.9672386093438725,
      "recall_weighted": 0.9723502304147466,
      "f1_macro": 0.9640642476861845,
      "f1_weighted": 0.9726075683589052
    },
    "cnn+statistics": {
      "accuracy": 0.967741935483871,
      "precision_macro": 0.9565990052832156,
      "precision_weighted": 0.9701140044458015,
      "recall_macro": 0.963799455904719,
      "recall_weighted": 0.967741935483871,
      "f1_macro": 0.9587192678820208,
      "f1_weighted": 0.9679032971338418
    },
    "extratrees+resnet1d": {
      "accuracy": 0.9293394777265745,
      "precision_macro": 0.9311213576102771,
      "precision_weighted": 0.9365327049052491,
      "recall_macro": 0.904530192030192,
      "recall_weighted": 0.9293394777265745,
      "f1_macro": 0.9126568746985747,
      "f1_weighted": 0.9295185647258576
    },
    "extratrees+rulebased": {
      "accuracy": 0.9324116743471582,
      "precision_macro": 0.9197789729618878,
      "precision_weighted": 0.9375134567048143,
      "recall_macro": 0.9079478270267743,
      "recall_weighted": 0.9324116743471582,
      "f1_macro": 0.908122523464013,
      "f1_weighted": 0.9310271570101334
    },
    "extratrees+statistics": {
      "accuracy": 0.9554531490015361,
      "precision_macro": 0.9507783544211188,
      "precision_weighted": 0.9587074368737815,
      "recall_macro": 0.9426477203566987,
      "recall_weighted": 0.9554531490015361,
      "f1_macro": 0.9442855513206624,
      "f1_weighted": 0.9553776657404962
    },
    "resnet1d+rulebased": {
      "accuracy": 0.9293394777265745,
      "precision_macro": 0.933429474416436,
      "precision_weighted": 0.9373144021807114,
      "recall_macro": 0.9110090801843048,
      "recall_weighted": 0.9293394777265745,
      "f1_macro": 0.9175668307260798,
      "f1_weighted": 0.9303307924153057
    },
    "resnet1d+statistics": {
      "accuracy": 0.9539170506912442,
      "precision_macro": 0.9518921918964363,
      "precision_weighted": 0.9572209862643933,
      "recall_macro": 0.9395245592614013,
      "recall_weighted": 0.9539170506912442,
      "f1_macro": 0.9425658194347306,
      "f1_weighted": 0.9534930647415503
    },
    "rulebased+statistics": {
      "accuracy": 0.9754224270353302,
      "precision_macro": 0.9705313912020194,
      "precision_weighted": 0.9774641282111178,
      "recall_macro": 0.968143649722597,
      "recall_weighted": 0.9754224270353302,
      "f1_macro": 0.9680576051583772,
      "f1_weighted": 0.9754457319216576
    },
    "cnn+extratrees+resnet1d": {
      "accuracy": 0.9754224270353302,