{
  "selected_models": [
    "cnn",
    "statistics",
    "resnet1d",
    "extratrees",
    "rulebased"
  ],
  "coverage_required_models": [
    "cnn"
  ],
  "model_species_coverage": {
    "cnn": 57,
    "resnet1d": 57,
    "extratrees": 56,
    "statistics": 57,
    "rulebased": 57
  },
  "good_pairs_by_error_correlation": [
    [
      "cnn",
      "resnet1d",
      0.04828918901814364
    ],
    [
      "cnn",
      "extratrees",
      0.19253922328362721
    ],
    [
      "cnn",
      "statistics",
      0.29313770221529695
    ],
    [
      "cnn",
      "rulebased",
      0.16176342357815504
    ],
    [
      "resnet1d",
      "extratrees",
      0.39101241477108517
    ],
    [
      "resnet1d",
      "statistics",
      0.3062937311602267
    ],
    [
      "resnet1d",
      "rulebased",
      0.3758446873492276
    ],
    [
      "extratrees",
      "statistics",
      0.2797507686182297
    ],
    [
      "extratrees",
      "rulebased",
      0.3314443158946597
    ],
    [
      "statistics",
      "rulebased",
      0.2689474494405526
    ]
  ],
  "good_pairs_by_jaccard": [],
  "calibration": {
    "cnn": {
      "brier": 0.001186493864256866,
      "ece": 0.032300990938957164
    },
    "resnet1d": {
      "brier": 0.0026177251724469855,
      "ece": 0.046153724468248815
    },
    "extratrees": {
      "brier": 0.004750019847681582,
      "ece": 0.20611722316426978
    },
    "statistics": {
      "brier": 0.001494364427437054,
      "ece": 0.04243195024869775
    },
    "rulebased": {
      "brier": 0.00386499400651171,
      "ece": 0.027438671953300877
    }
  },
  "entropy": {
    "cnn": {
      "mean_entropy": 0.2873142659664154,
      "std_entropy": 0.43975570797920227,
      "mean_confidence": 0.932077169418335,
      "std_confidence": 0.12708643078804016,
      "min_confidence": 0.2572110891342163,
      "max_confidence": 0.999974250793457
    },
    "resnet1d": {
      "mean_entropy": 0.549237072467804,
      "std_entropy": 0.6281420588493347,
      "mean_confidence": 0.8642979264259338,
      "std_confidence": 0.1918291300535202,
      "min_confidence": 0.17456325888633728,
      "max_confidence": 0.9994179010391235
    },
    "extratrees": {
      "mean_entropy": 1.222113013267517,
      "std_entropy": 0.6394688487052917,
      "mean_confidence": 0.651025652885437,
      "std_confidence": 0.2227291464805603,
      "min_confidence": 0.17654156684875488,
      "max_confidence": 0.9984265565872192
    },
    "statistics": {
      "mean_entropy": 0.2539426386356354,
      "std_entropy": 0.39450353384017944,
      "mean_confidence": 0.9132895469665527,
      "std_confidence": 0.1470751166343689,
      "min_confidence": 0.293251633644104,
      "max_confidence": 1.0
    },
    "rulebased": {
      "mean_entropy": 0.44060903787612915,
      "std_entropy": 0.49594876170158386,
      "mean_confidence": 0.8607425093650818,
      "std_confidence": 0.18231193721294403,
      "min_confidence": 0.23251710832118988,
      "max_confidence": 1.0
    }
  },
  "combination_metrics": {
    "cnn": {
      "accuracy": 0.9615975422427036,
      "precision_macro": 0.9563595973622938,
      "precision_weighted": 0.9658672295582377,
      "recall_macro": 0.9579851420301939,
      "recall_weighted": 0.9615975422427036,
      "f1_macro": 0.9549988800621018,
      "f1_weighted": 0.9621399994664276
    },
    "extratrees": {
      "accuracy": 0.8571428571428571,
      "precision_macro": 0.8226037445850395,
      "precision_weighted": 0.8624829731377971,
      "recall_macro": 0.8199388945692458,
      "recall_weighted": 0.8571428571428571,
      "f1_macro": 0.8131421729053409,
      "f1_weighted": 0.8542701511504319
    },
    "resnet1d": {
      "accuracy": 0.9093701996927803,
      "precision_macro": 0.9131848852217976,
      "precision_weighted": 0.919837887169869,
      "recall_macro": 0.8770422185858643,
      "recall_weighted": 0.9093701996927803,
      "f1_macro": 0.8877296807532075,
      "f1_weighted": 0.9093277856688212
    },
    "rulebased": {
      "accuracy": 0.8494623655913979,
      "precision_macro": 0.8280026779405898,
      "precision_weighted": 0.8632928179502484,
      "recall_macro": 0.816596793124959,
      "recall_weighted": 0.8494623655913979,
      "f1_macro": 0.814302647072178,
      "f1_weighted": 0.8508807894246128
    },
    "statistics": {
      "accuracy": 0.9523809523809523,
      "precision_macro": 0.9436769363127597,
      "precision_weighted": 0.9564438932637981,
      "recall_macro": 0.9416869851854373,
      "recall_weighted": 0.9523809523809523,
      "f1_macro": 0.9399743902648732,
      "f1_weighted": 0.952806777657529
    },
    "cnn+extratrees": {
      "accuracy": 0.9631336405529954,
      "precision_macro": 0.9593372475810307,
      "precision_weighted": 0.9671273728802213,
      "recall_macro": 0.9579998847693948,
      "recall_weighted": 0.9631336405529954,
      "f1_macro": 0.956375090875376,
      "f1_weighted": 0.9634184484110824
    },
    "cnn+resnet1d": {
      "accuracy": 0.967741935483871,
      "precision_macro": 0.9656495299958798,
      "precision_weighted": 0.9701882667431946,
      "recall_macro": 0.9619172506251431,
      "recall_weighted": 0.967741935483871,
      "f1_macro": 0.9619427106238715,
      "f1_weighted": 0.9677079529656688
    },
    "cnn+rulebased": {
      "accuracy": 0.9646697388632872,
      "precision_macro": 0.9552711907975067,
      "precision_weighted": 0.9677070028452517,
      "recall_macro": 0.9522138680033417,
      "recall_weighted": 0.9646697388632872,
      "f1_macro": 0.9514878095710206,
      "f1_weighted": 0.9646000186296847
    },
    "cnn+statistics": {
      "accuracy": 0.9738863287250384,
      "precision_macro": 0.9705007508997322,
      "precision_weighted": 0.9772311658137435,
      "recall_macro": 0.9673001949317738,
      "recall_weighted": 0.9738863287250384,
      "f1_macro": 0.9665456729511532,
      "f1_weighted": 0.9740360347677922
    },
    "extratrees+resnet1d": {
      "accuracy": 0.9216589861751152,
      "precision_macro": 0.9210660298283887,
      "precision_weighted": 0.9277104266890817,
      "recall_macro": 0.8973492994192609,
      "recall_weighted": 0.9216589861751152,
      "f1_macro": 0.9045931483176235,
      "f1_weighted": 0.921367600751861
    },
    "extratrees+rulebased": {
      "accuracy": 0.8863287250384024,
      "precision_macro": 0.8661757801401265,
      "precision_weighted": 0.8936406189156301,
      "recall_macro": 0.8559316185477176,
      "recall_weighted": 0.8863287250384024,
      "f1_macro": 0.8558944849406331,
      "f1_weighted": 0.8862523042605908
    },
    "extratrees+statistics": {
      "accuracy": 0.9523809523809523,
      "precision_macro": 0.9478785447122662,
      "precision_weighted": 0.9555128739996476,
      "recall_macro": 0.938483463560863,
      "recall_weighted": 0.9523809523809523,
      "f1_macro": 0.9411949762001683,
      "f1_weighted": 0.9525356234596718
    },
    "resnet1d+rulebased": {
      "accuracy": 0.9185867895545314,
      "precision_macro": 0.9107850159666352,
      "precision_weighted": 0.9247506272468521,
      "recall_macro": 0.890902627183115,
      "recall_weighted": 0.9185867895545314,
      "f1_macro": 0.8951425101107865,
      "f1_weighted": 0.9180412704643107
    },
    "resnet1d+statistics": {
      "accuracy": 0.9493087557603687,
      "precision_macro": 0.9449119035103308,
      "precision_weighted": 0.9539570437571815,
      "recall_macro": 0.9340099557591817,
      "recall_weighted": 0.9493087557603687,
      "f1_macro": 0.9360505452350378,
      "f1_weighted": 0.9494016434719235
    },
    "rulebased+statistics": {
      "accuracy": 0.9477726574500768,
      "precision_macro": 0.9300832971970494,
      "precision_weighted": 0.9517702362164975,
      "recall_macro": 0.9289015493736857,
      "recall_weighted": 0.9477726574500768,
      "f1_macro": 0.927192812986776,
      "f1_weighted": 0.9481430140556493
    },