{
  "all_results": {
    "cnn": {
      "acc": 0.9541984732824428,
      "f1": 0.9365079365079365
    },
    "resnet1d": {
      "acc": 0.8778625954198473,
      "f1": 0.822651763441237
    },
    "statistics": {
      "acc": 0.9083969465648855,
      "f1": 0.8800205642310905
    },
    "Simple Average": {
      "acc": 0.9465648854961832,
      "f1": 0.9283208020050124
    },
    "Weighted Voting (Optimized)": {
      "acc": 0.9465648854961832,
      "f1": 0.9283208020050124
    },
    "LightGBM (Optuna)": {
      "acc": 0.9465648854961832,
      "f1": 0.9151211361737677
    },
    "LogisticReg (Optuna)": {
      "acc": 0.9541984732824428,
      "f1": 0.9423430370798793
    },
    "LinearSVM (Optuna)": {
      "acc": 0.9541984732824428,
      "f1": 0.9388342651500546
    }
  },
  "optimal_weights": {
    "cnn": 0.3333333333333333,
    "resnet1d": 0.3333333333333333,
    "statistics": 0.3333333333333333
  },
  "best_method": "cnn",
  "best_accuracy": 0.9541984732824428,
  "best_f1_method": "LogisticReg (Optuna)",
  "best_f1": 0.9423430370798793
}