{
  "LightGBM": {
    "best_params": {
      "num_leaves": 58,
      "learning_rate": 0.010163732690779375,
      "feature_fraction": 0.8245093631227793,
      "bagging_fraction": 0.606286656465187,
      "bagging_freq": 7,
      "reg_alpha": 0.8385562244964193,
      "reg_lambda": 2.8994268648635497,
      "min_child_weight": 0.6055866558157572
    },
    "best_val_f1": 0.9789473684210526,
    "test_acc": 0.9465648854961832,
    "test_f1": 0.9151211361737677
  },
  "LogisticReg": {
    "best_params": {
      "C": 0.03148911647956861,
      "solver": "lbfgs"
    },
    "best_val_f1": 0.9789473684210526,
    "test_acc": 0.9541984732824428,
    "test_f1": 0.9423430370798793
  },
  "LinearSVM": {
    "best_params": {
      "C": 0.03148911647956861,
      "loss": "hinge"
    },
    "best_val_f1": 0.9789473684210526,
    "test_acc": 0.9541984732824428,
    "test_f1": 0.9388342651500546
  }
}