{
  "confidence_weights": {
    "cnn": 0.3667552173778517,
    "resnet1d": 0.0003456399620437398,
    "extratrees": 0.00020670181987817696,
    "statistics": 0.21290366551926992,
    "rulebased": 0.02032444727699845,
    "tcn": 0.399464328043958
  },
  "margin_weights": {
    "cnn": 0.3994393391833627,
    "resnet1d": 0.00023964067765451023,
    "extratrees": 0.000470119143788202,
    "statistics": 0.19759206543575547,
    "rulebased": 0.0056198692501693275,
    "tcn": 0.39663896630926965
  },
  "calibration_weights": {
    "cnn": 0.42193160509948024,
    "resnet1d": 0.0027742933694019467,
    "extratrees": 0.00030964711974210645,
    "statistics": 0.22167163100325116,
    "rulebased": 0.01810487570147695,
    "tcn": 0.3352079477066476
  },
  "minimal_subset": [
    "cnn",
    "statistics"
  ]
}