{
  "baseline_cv_macro_f1": 0.8599065632223526,
  "baseline_fold_scores": [
    0.855084915084915,
    0.8489202804992279,
    0.8567471027997343,
    0.8735597735597735,
    0.8652207441681126
  ],
  "best_model": "optimized_et",
  "best_cv_macro_f1": 0.9451116427432217,
  "best_params": {
    "decimate_step": 5,
    "savgol_win_temp": 1.2372575155014758,
    "polyorder": 5,
    "baseline_quantile": 0.4838983926202223,
    "scale_quantile": 0.9981992009465006,
    "prom_factor": 0.22552910016371336,
    "distance_divisor": 189,
    "rel_height": 0.5083918851081696,
    "min_w_temp": 0.37362038760293437,
    "min_w_factor": 3,
    "max_w_divisor": 2.111096802578405,
    "mu_bound_mult": 3.942394243552571,
    "k_max": 5,
    "asym_width": 0.33916332272934,
    "amp_hi_mult": 7.878550196790417,
    "et_n_estimators": 113,
    "et_max_depth": 15,
    "et_min_samples_split": 6,
    "et_min_samples_leaf": 1,
    "et_max_features": null,
    "et_class_weight": "balanced"
  },
  "improvement_percentage": 8.52050795208691
}