{
  "model": "EfficientNet-B0",
  "hyperparameters": {
    "cnn_dropout1": 0.6217843386251581,
    "cnn_dropout2": 0.19498440140497733,
    "cnn_learning_rate": 0.0004303702377686196,
    "cnn_batch_size": 16,
    "cnn_weight_decay": 4.572988042665251e-06,
    "cnn_focal_gamma": 1.2483412017424098
  },
  "configuration": {
    "batch_size": 32,
    "epochs": 150,
    "learning_rate": 0.0020594007612475913,
    "weight_decay": 1.0083970230770894e-05,
    "focal_alpha": 1.0,
    "focal_gamma": 1.2483412017424098,
    "mixup_alpha": 0.4,
    "use_mixup": false,
    "patience": 25,
    "n_folds": 5,
    "random_seed": 8
  },
  "cross_validation": {
    "fold_accuracies": [
      97.11538461538461,
      97.11538461538461,
      100.0,
      96.15384615384616,
      98.07692307692307
    ],
    "fold_f1_scores": [
      96.66666666666667,
      96.26623376623377,
      100.0,
      94.71611721611721,
      97.6923076923077
    ],
    "fold_precisions": [
      97.27564102564101,
      96.07371794871796,
      100.0,
      93.8301282051282,
      97.91666666666666
    ],
    "fold_recalls": [
      97.11538461538461,
      97.11538461538461,
      100.0,
      96.15384615384616,
      98.07692307692307
    ],
    "mean_accuracy": 97.6923076923077,
    "std_accuracy": 1.3042942275240883,
    "mean_f1": 97.06826506826506,
    "mean_precision": 97.01923076923076,
    "mean_recall": 97.6923076923077
  },
  "test_results": {
    "model_type": "final_model_trained_on_train_val",
    "test_accuracy": 99.23664122137404,
    "test_f1": 99.27827897293547,
    "test_precision": 99.49109414758269,
    "test_recall": 99.23664122137404
  },
  "misclassified_samples": [
    {
      "true": "Silky_shark",
      "predicted": "Oceanic_whitetip_shark"
    }
  ]
}