{
  "model": "EfficientNet-B0",
  "hyperparameters": {
    "cnn_dropout1": 0.7,
    "cnn_dropout2": 0.5,
    "cnn_learning_rate": 0.0020594007612475913,
    "cnn_batch_size": 32,
    "cnn_weight_decay": 1.0083970230770894e-05,
    "cnn_focal_gamma": 1.5
  },
  "configuration": {
    "batch_size": 32,
    "epochs": 150,
    "learning_rate": 0.0020594007612475913,
    "weight_decay": 1.0083970230770894e-05,
    "focal_alpha": 1.0,
    "focal_gamma": 1.5,
    "mixup_alpha": 0.4,
    "use_mixup": true,
    "patience": 25,
    "n_folds": 5,
    "random_seed": 8
  },
  "cross_validation": {
    "fold_accuracies": [
      98.0,
      99.0,
      97.0,
      99.0,
      96.96969696969697
    ],
    "fold_f1_scores": [
      97.6,
      99.0,
      97.04444444444445,
      98.6,
      96.398326701357
    ],
    "fold_precisions": [
      97.33333333333334,
      99.5,
      97.83333333333333,
      98.33333333333333,
      96.32996632996634
    ],
    "fold_recalls": [
      98.0,
      99.0,
      97.0,
      99.0,
      96.96969696969697
    ],
    "mean_accuracy": 97.9939393939394,
    "std_accuracy": 0.9012591946296581,
    "mean_f1": 97.72855422916028,
    "mean_precision": 97.86599326599327,
    "mean_recall": 97.9939393939394
  },
  "test_results": {
    "individual_fold_accuracies": [
      94.73684210526315,
      95.39473684210526,
      96.05263157894737,
      96.05263157894737,
      94.73684210526315
    ],
    "individual_fold_f1_scores": [
      94.58904614477369,
      95.09085213032581,
      95.75187969924812,
      95.41979949874687,
      94.38885675727781
    ],
    "individual_fold_precisions": [
      96.65570175438599,
      97.20394736842105,
      97.25877192982455,
      96.2171052631579,
      95.94298245614036
    ],
    "individual_fold_recalls": [
      94.73684210526315,
      95.39473684210526,
      96.05263157894737,
      96.05263157894737,
      94.73684210526315
    ],
    "best_fold": 3,
    "best_test_accuracy": 96.05263157894737,
    "best_test_f1": 95.75187969924812,
    "best_test_precision": 97.25877192982455,
    "best_test_recall": 96.05263157894737
  },
  "misclassified_samples": [
    {
      "true": "Common_thresher_shark",
      "predicted": "Pelagic_thresher_shark"
    },
    {
      "true": "Oceanic_whitetip_shark",
      "predicted": "Dusky_shark"
    },
    {
      "true": "Pacific_guitarfish",
      "predicted": "Spadenose_stingray"
    },
    {
      "true": "Sandbar_shark",
      "predicted": "Silvertip_shark"
    },
    {
      "true": "Smooth_hammerhead_shark",
      "predicted": "Scalloped_bonnethead_shark"
    },
    {
      "true": "Spinner_shark",
      "predicted": "Blacktip_reef_shark"
    }
  ]
}