seed,train_acc,val_acc,test_acc,train_loss,val_loss,test_loss
42,98.9010989010989,81.44329896907216,86.86868686868688,0.11618137839403782,1.0310649281924533,0.739750902460079
123,98.68131868131869,93.81443298969072,88.88888888888889,0.10806520130935605,0.38625708283837307,0.4689491863804634
456,99.34065934065934,84.5360824742268,92.92929292929293,0.07827009819038622,0.800447945012567,0.3189053719091897
789,100.0,94.84536082474226,93.93939393939394,0.033821648703171656,0.38391009987015084,0.2732989645064479
2024,99.34065934065934,91.75257731958763,88.88888888888889,0.0642120727215085,0.4200514886797089,0.5364412110712793
