{
  "real_data": {
    "total_samples": 651,
    "distance_stats": {
      "mean": 0.07031386660227246,
      "median": 0.05439706707418408,
      "std": 0.053313122003026896,
      "min": 0.012910428921470804,
      "max": 0.4037176817546568,
      "p25": 0.034645915015470534,
      "p50": 0.05439706707418408,
      "p75": 0.08413223573367709,
      "p95": 0.17122358746264824
    }
  },
  "synthetic_data": {
    "total_samples": 800,
    "good_count": 797,
    "bad_count": 3,
    "unknown_count": 0,
    "distance_stats": {
      "mean": 0.05933734619182281,
      "median": 0.05259296013114571,
      "std": 0.034470703511462114,
      "min": 2.2556467443233165e-06,
      "max": 0.20822377029517578,
      "p25": 0.03264868671734135,
      "p50": 0.05259296013114571,
      "p75": 0.07955842608960413,
      "p95": 0.12406690995340694
    }
  },
  "thresholds_per_species": {
    "Arabian smooth-hound": {
      "threshold": 0.24217532330442082,
      "n_reals": 7,
      "mean": 0.11292689485321909,
      "std": 0.06462421422560087,
      "median": 0.1016830098234689,
      "max": 0.2512262373251784,
      "method": "mean_2std"
    },
    "Atlantic Sharpnose shark": {
      "threshold": 0.14466923619672678,
      "n_reals": 6,
      "mean": 0.08586947634688882,
      "std": 0.029399879924918985,
      "median": 0.0675820237054396,
      "max": 0.1368319995982884,
      "method": "mean_2std"
    },
    "Blackchin guitarfish": {
      "threshold": 0.13628580130682333,
      "n_reals": 9,
      "mean": 0.04287528353666668,
      "std": 0.04670525888507833,
      "median": 0.0212623014051077,
      "max": 0.15983293962178308,
      "method": "mean_2std"
    },
    "Blacknose shark": {
      "threshold": 0.19154330391933638,
      "n_reals": 8,
      "mean": 0.09704131518650896,
      "std": 0.04725099436641371,
      "median": 0.0784488615947209,
      "max": 0.19554086116469788,
      "method": "mean_2std"
    },
    "Blackspotted smooth-hound": {
      "threshold": 0.16629553106169262,
      "n_reals": 7,
      "mean": 0.10950329516833583,
      "std": 0.028396117946678394,
      "median": 0.09644461021732238,
      "max": 0.1479060544079996,
      "method": "mean_2std"
    },
    "Blacktip reef shark": {
      "threshold": 0.17525389682169012,
      "n_reals": 8,
      "mean": 0.06817708316871693,
      "std": 0.05353840682648659,
      "median": 0.046805832203689265,
      "max": 0.19780972976826275,
      "method": "mean_2std"
    },
    "Blacktip shark": {
      "threshold": 0.1114760162500634,
      "n_reals": 31,
      "mean": 0.05689751282367374,
      "std": 0.027289251713194834,
      "median": 0.053149328546105074,
      "max": 0.14496234882907774,
      "method": "mean_2std"
    },
    "Blue shark": {
      "threshold": 0.09336430445771107,
      "n_reals": 35,
      "mean": 0.050631891692318,
      "std": 0.021366206382696533,
      "median": 0.04905507798701005,
      "max": 0.14988806174115066,
      "method": "mean_2std"
    },
    "Bonnethead shark": {
      "threshold": 0.2567096349940887,
      "n_reals": 8,
      "mean": 0.1382430094202276,
      "std": 0.059233312786930545,
      "median": 0.12638244837057866,
      "max": 0.26527702375944967,
      "method": "mean_2std"
    },
    "Bowmouth guitarfish": {
      "threshold": 0.2845890908165154,
      "n_reals": 8,
      "mean": 0.10294528722858055,
      "std": 0.09082190179396742,
      "median": 0.06358621616581094,
      "max": 0.28583806866681916,
      "method": "mean_2std"
    },
    "Brownbanded bamboo shark": {
      "threshold": 0.2605105067338358,
      "n_reals": 9,
      "mean": 0.1201374977983162,
      "std": 0.07018650446775979,
      "median": 0.0840751338079177,
      "max": 0.27677261246782076,
      "method": "mean_2std"
    },
    "Bull shark": {
      "threshold": 0.11506632541519068,
      "n_reals": 31,
      "mean": 0.06567291988244414,
      "std": 0.024696702766373275,
      "median": 0.06440664993269589,
      "max": 0.1199437865345526,
      "method": "mean_2std"
    },
    "Caribbean reef shark": {
      "threshold": 0.28392374550535354,
      "n_reals": 11,
      "mean": 0.07501179097769908,
      "std": 0.10445597726382723,
      "median": 0.0317094326715722,
      "max": 0.37854066266710845,
      "method": "mean_2std"
    },
    "Common thresher shark": {
      "threshold": 0.132176796015095,
      "n_reals": 10,
      "mean": 0.08330860235623141,
      "std": 0.024434096829431793,
      "median": 0.08718067026857006,
      "max": 0.11186527614551575,
      "method": "mean_2std"
    },
    "Copper shark": {
      "threshold": 0.19920051481507728,
      "n_reals": 17,
      "mean": 0.07469148147855757,
      "std": 0.06225451666825986,
      "median": 0.05322413395886832,
      "max": 0.29688417816396273,
      "method": "mean_2std"
    },
    "Dusky shark": {
      "threshold": 0.24321757570561747,
      "n_reals": 11,
      "mean": 0.08510397693449183,
      "std": 0.07905679938556283,
      "median": 0.045907169450929576,
      "max": 0.23399305844587975,
      "method": "mean_2std"
    },
    "Finetooth shark": {
      "threshold": 0.11635777255478644,
      "n_reals": 8,
      "mean": 0.05089716638942323,
      "std": 0.03273030308268161,
      "median": 0.02876802957451168,
      "max": 0.1189792497658022,
      "method": "mean_2std"
    },
    "Great hammerhead shark": {
      "threshold": 0.10623784999842882,
      "n_reals": 42,
      "mean": 0.04637887981593524,
      "std": 0.02992948509124679,
      "median": 0.03946271936049842,
      "max": 0.14342749153294357,
      "method": "mean_2std"
    },
    "Great white shark": {
      "threshold": 0.22371815114947582,
      "n_reals": 9,
      "mean": 0.09720943849187008,
      "std": 0.06325435632880287,
      "median": 0.06751947889337521,
      "max": 0.20545105105693554,
      "method": "mean_2std"
    },
    "Grey reef shark": {
      "threshold": 0.13203943857380845,
      "n_reals": 19,
      "mean": 0.07866931942341947,
      "std": 0.026685059575194497,
      "median": 0.07317586073142635,
      "max": 0.1545102956544899,
      "method": "mean_2std"
    },
    "Gulper shark": {
      "threshold": 0.2153904921831265,
      "n_reals": 8,
      "mean": 0.1006423061024785,
      "std": 0.057374093040323995,
      "median": 0.07354271059316494,
      "max": 0.2260193370408147,
      "method": "mean_2std"
    },
    "Gummy shark": {
      "threshold": 0.06254786718601142,
      "n_reals": 7,
      "mean": 0.03682361250478735,
      "std": 0.012862127340612034,
      "median": 0.03617068334092789,
      "max": 0.052867077323114305,
      "method": "mean_2std"
    },
    "Halavi guitarfish": {
      "threshold": 0.35168897108267355,
      "n_reals": 9,
      "mean": 0.14174113235825103,
      "std": 0.10497391936221126,
      "median": 0.09190303331901269,
      "max": 0.37461726912085735,
      "method": "mean_2std"
    },
    "Hooktooth shark": {
      "threshold": 0.1872158871001921,
      "n_reals": 8,
      "mean": 0.08309009738026178,
      "std": 0.05206289485996516,
      "median": 0.06425969804477706,
      "max": 0.20214658652345605,
      "method": "mean_2std"
    },
    "Japanese topeshark": {
      "threshold": 0.2531698485425541,
      "n_reals": 8,
      "mean": 0.09858939850480267,
      "std": 0.07729022501887571,
      "median": 0.059478687094710485,
      "max": 0.2653633747647728,
      "method": "mean_2std"
    },
    "Java shark": {
      "threshold": 0.2270728975770791,
      "n_reals": 11,
      "mean": 0.11720207517561691,
      "std": 0.054935411200731095,
      "median": 0.1134669670692953,
      "max": 0.20297675713110658,
      "method": "mean_2std"
    },
    "Lemon shark": {
      "threshold": 0.1460767918058756,
      "n_reals": 12,
      "mean": 0.0773575870965466,
      "std": 0.0343596023546645,
      "median": 0.07348971092896771,
      "max": 0.1432860518886105,
      "method": "mean_2std"
    },