{
  "baseline_cv_macro_f1": 0.8648241120355229,
  "baseline_fold_scores": [
    0.8433542647828361,
    0.8246785550191122,
    0.8327704946125999,
    0.8999800566364033,
    0.9233371891266628
  ],
  "best_model": "optimized_rb",
  "best_cv_macro_f1": 0.9269545718585966,
  "best_params": {
    "model_type": "et",
    "et_n_estimators": 601,
    "et_min_samples_leaf": 1,
    "et_max_depth": 15,
    "et_max_features": null
  },
  "improvement_percentage": 6.213045982307374
}